Ajay,30,Ajays@gmail.com
Ram,28,rams@gmail.com
Vijay,30,vijays@gmail.com
Aram,28,rams@gmail.com
Bajay,30,Ajays@gmail.com
Cram,28,rams@gmail.com
Djay,30,Ajays@gmail.com
Dram,28,rams@gmail.com
Ajay,30,Ajays@gmail.com
Ram,28,rams@gmail.com
Vijay,30,vijays@gmail.com
Aram,28,rams@gmail.com
Bajay,30,Ajays@gmail.com
Cram,28,rams@gmail.com
Djay,30,Ajays@gmail.com
Dram,28,rams@gmail.com
Ajay,29,Ajays@gmail.com
Ram,29,rams@gmail.com
Vijay,29,vijays@gmail.com
Aram,29,rams@gmail.com
Bajay,29,Ajays@gmail.com
Cram,29,rams@gmail.com
Djay,29,Ajays@gmail.com
Dram,29,rams@gmail.com
Ajay,29,Ajays@gmail.com
Ram,29,rams@gmail.com
Vijay,29,vijays@gmail.com
Aram,29,rams@gmail.com
Bajay,29,Ajays@gmail.com
Ajay,28,Ajays@gmail.com
Ram,28,rams@gmail.com
Vijay,28,vijays@gmail.com
Aram,28,rams@gmail.com
Bajay,28,Ajays@gmail.com
Cram,28,rams@gmail.com
Djay,28,Ajays@gmail.com
Dram,28,rams@gmail.com
Ajay,28,Ajays@gmail.com
Ram,28,rams@gmail.com
Vijay,28,vijays@gmail.com
Aram,28,rams@gmail.com
Bajay,28,Ajays@gmail.com
Cram,28,rams@gmail.com
Djay,28,Ajays@gmail.com
Dram,28,rams@gmail.com
Ajay,28,Ajays@gmail.com
Ram,28,rams@gmail.com
Vijay,28,vijays@gmail.com
Aram,28,rams@gmail.com
Bajay,28,Ajays@gmail.com
Cram,28,rams@gmail.com
Djay,28,Ajays@gmail.com
Dram,28,rams@gmail.com
Ajay,28,Ajays@gmail.com
Ram,28,rams@gmail.com
Vijay,28,vijays@gmail.com
Aram,28,rams@gmail.com
Bajay,28,Ajays@gmail.com
Ajay,28,Ajays@gmail.com
Ram,28,rams@gmail.com
Vijay,28,vijays@gmail.com
Aram,28,rams@gmail.com
Bajay,28,Ajays@gmail.com
Cram,28,rams@gmail.com
Djay,28,Ajays@gmail.com
Dram,28,rams@gmail.com
Ajay,28,Ajays@gmail.com
Ram,28,rams@gmail.com
Vijay,28,vijays@gmail.com
Aram,28,rams@gmail.com
Ajay,28,Ajays@gmail.com
Ram,28,rams@gmail.com
Vijay,27,vijays@gmail.com
Aram,27,rams@gmail.com
Bajay,27,Ajays@gmail.com
Cram,27,rams@gmail.com
Djay,27,Ajays@gmail.com
Dram,27,rams@gmail.com
Ajay,27,Ajays@gmail.com
Ram,27,rams@gmail.com
Vijay,27,vijays@gmail.com
Aram,27,rams@gmail.com
Bajay,27,Ajays@gmail.com
Cram,27,rams@gmail.com
Djay,27,Ajays@gmail.com
Dram,27,rams@gmail.com
Ajay,27,Ajays@gmail.com
Ram,27,rams@gmail.com
Vijay,27,vijays@gmail.com
Aram,27,rams@gmail.com
Bajay,27,Ajays@gmail.com
Cram,27,rams@gmail.com
Djay,27,Ajays@gmail.com
Dram,27,rams@gmail.com
Ajay,27,Ajays@gmail.com
Ram,27,rams@gmail.com
Vijay,27,vijays@gmail.com
Aram,27,rams@gmail.com
Bajay,27,Ajays@gmail.com
Ajay,27,Ajays@gmail.com
Ram,27,rams@gmail.com
Vijay,27,vijays@gmail.com
Aram,27,rams@gmail.com
Bajay,27,Ajays@gmail.com
Cram,27,rams@gmail.com
Djay,27,Ajays@gmail.com
Dram,27,rams@gmail.com
Ajay,27,Ajays@gmail.com
Ram,27,rams@gmail.com
Vijay,27,vijays@gmail.com
Aram,27,rams@gmail.com
Bajay,27,Ajays@gmail.com
Cram,27,rams@gmail.com
Djay,27,Ajays@gmail.com
Dram,26,rams@gmail.com
Ajay,26,Ajays@gmail.com
Ram,26,rams@gmail.com
Vijay,26,vijays@gmail.com
Aram,26,rams@gmail.com
Bajay,26,Ajays@gmail.com
Cram,26,rams@gmail.com
Djay,26,Ajays@gmail.com
Dram,26,rams@gmail.com
Ajay,26,Ajays@gmail.com
Ram,26,rams@gmail.com
Vijay,26,vijays@gmail.com
Aram,26,rams@gmail.com
Bajay,26,Ajays@gmail.com
Ajay,26,Ajays@gmail.com
Ram,26,rams@gmail.com
Vijay,26,vijays@gmail.com
Aram,26,rams@gmail.com
Bajay,26,Ajays@gmail.com
Cram,26,rams@gmail.com
Djay,26,Ajays@gmail.com
Dram,26,rams@gmail.com
Ajay,26,Ajays@gmail.com
Ram,26,rams@gmail.com
Vijay,26,vijays@gmail.com
Aram,26,rams@gmail.com
Ajay,26,Ajays@gmail.com
Ram,26,rams@gmail.com
Vijay,26,vijays@gmail.com
Aram,26,rams@gmail.com
Bajay,26,Ajays@gmail.com
Cram,26,rams@gmail.com
Djay,26,Ajays@gmail.com
Dram,26,rams@gmail.com
Ajay,26,Ajays@gmail.com
Ram,26,rams@gmail.com
Vijay,26,vijays@gmail.com
Aram,26,rams@gmail.com
Bajay,26,Ajays@gmail.com
Cram,26,rams@gmail.com
Djay,26,Ajays@gmail.com
Dram,26,rams@gmail.com
Ajay,26,Ajays@gmail.com
Ram,25,rams@gmail.com
Vijay,25,vijays@gmail.com
Aram,25,rams@gmail.com
Bajay,25,Ajays@gmail.com
Cram,25,rams@gmail.com
Djay,25,Ajays@gmail.com
Dram,25,rams@gmail.com
Ajay,25,Ajays@gmail.com
Ram,25,rams@gmail.com
Vijay,25,vijays@gmail.com
Aram,25,rams@gmail.com
Bajay,25,Ajays@gmail.com
Ajay,25,Ajays@gmail.com
Ram,25,rams@gmail.com
Vijay,25,vijays@gmail.com
Aram,25,rams@gmail.com
Bajay,25,Ajays@gmail.com
Cram,25,rams@gmail.com
Djay,25,Ajays@gmail.com
Dram,25,rams@gmail.com
Ajay,25,Ajays@gmail.com
Ram,25,rams@gmail.com
Vijay,25,vijays@gmail.com
Aram,25,rams@gmail.com
Bajay,25,Ajays@gmail.com
Cram,25,rams@gmail.com
Djay,25,Ajays@gmail.com
Dram,25,rams@gmail.com
Ajay,25,Ajays@gmail.com
Ram,25,rams@gmail.com
Vijay,25,vijays@gmail.com
Aram,25,rams@gmail.com
Bajay,25,Ajays@gmail.com
Cram,25,rams@gmail.com
Djay,25,Ajays@gmail.com
Dram,25,rams@gmail.com
Ajay,25,Ajays@gmail.com
Ram,25,rams@gmail.com
Vijay,25,vijays@gmail.com
Aram,25,rams@gmail.com
Bajay,25,Ajays@gmail.com
Ajay,25,Ajays@gmail.com
Ram,24,rams@gmail.com
Vijay,24,vijays@gmail.com
Aram,24,rams@gmail.com
Bajay,24,Ajays@gmail.com
Cram,24,rams@gmail.com
Djay,24,Ajays@gmail.com
Dram,24,rams@gmail.com
Ajay,24,Ajays@gmail.com
Ram,24,rams@gmail.com
Vijay,24,vijays@gmail.com
Aram,24,rams@gmail.com
Ajay,24,Ajays@gmail.com
Ram,24,rams@gmail.com
Vijay,24,vijays@gmail.com
Aram,24,rams@gmail.com
Bajay,24,Ajays@gmail.com
Cram,24,rams@gmail.com
Djay,24,Ajays@gmail.com
Dram,24,rams@gmail.com
Ajay,24,Ajays@gmail.com
Ram,24,rams@gmail.com
Vijay,24,vijays@gmail.com
Aram,24,rams@gmail.com
Bajay,24,Ajays@gmail.com
Cram,24,rams@gmail.com
Djay,24,Ajays@gmail.com
Dram,24,rams@gmail.com
Ajay,24,Ajays@gmail.com
Ram,24,rams@gmail.com
Vijay,24,vijays@gmail.com
Aram,24,rams@gmail.com
Bajay,24,Ajays@gmail.com
Cram,24,rams@gmail.com
Djay,24,Ajays@gmail.com
Dram,24,rams@gmail.com
Ajay,24,Ajays@gmail.com
Ram,24,rams@gmail.com
Vijay,24,vijays@gmail.com
Aram,24,rams@gmail.com
Bajay,24,Ajays@gmail.com
Ajay,24,Ajays@gmail.com
Ram,24,rams@gmail.com
Vijay,24,vijays@gmail.com
Aram,23,rams@gmail.com
Bajay,23,Ajays@gmail.com
Cram,23,rams@gmail.com
Djay,23,Ajays@gmail.com
Dram,23,rams@gmail.com
Ajay,23,Ajays@gmail.com
Ram,23,rams@gmail.com
Vijay,23,vijays@gmail.com
Aram,23,rams@gmail.com
Bajay,23,Ajays@gmail.com
Cram,23,rams@gmail.com
Djay,23,Ajays@gmail.com
Dram,23,rams@gmail.com
Ajay,23,Ajays@gmail.com
Ram,23,rams@gmail.com
Vijay,23,vijays@gmail.com
Aram,23,rams@gmail.com
Bajay,23,Ajays@gmail.com
Cram,23,rams@gmail.com
Djay,23,Ajays@gmail.com
Dram,23,rams@gmail.com
Ajay,23,Ajays@gmail.com
Ram,23,rams@gmail.com
Vijay,23,vijays@gmail.com
Aram,23,rams@gmail.com
Bajay,23,Ajays@gmail.com
Ajay,23,Ajays@gmail.com
Ram,23,rams@gmail.com
Vijay,23,vijays@gmail.com
Aram,23,rams@gmail.com
Bajay,23,Ajays@gmail.com
Cram,23,rams@gmail.com
Djay,23,Ajays@gmail.com
Dram,23,rams@gmail.com
Ajay,23,Ajays@gmail.com
Ram,23,rams@gmail.com
Vijay,23,vijays@gmail.com
Aram,23,rams@gmail.com
Ajay,23,Ajays@gmail.com
Ram,23,rams@gmail.com
Vijay,23,vijays@gmail.com
Aram,23,rams@gmail.com
Bajay,22,Ajays@gmail.com
Cram,22,rams@gmail.com
Djay,22,Ajays@gmail.com
Dram,22,rams@gmail.com
Ajay,22,Ajays@gmail.com
Ram,22,rams@gmail.com
Vijay,22,vijays@gmail.com
Aram,22,rams@gmail.com
Bajay,22,Ajays@gmail.com
Cram,22,rams@gmail.com
Djay,22,Ajays@gmail.com
Dram,22,rams@gmail.com
Ajay,22,Ajays@gmail.com
Ram,22,rams@gmail.com
Vijay,22,vijays@gmail.com
Aram,22,rams@gmail.com
Bajay,22,Ajays@gmail.com
Cram,22,rams@gmail.com
Djay,22,Ajays@gmail.com
Dram,22,rams@gmail.com
Ajay,22,Ajays@gmail.com
Ram,22,rams@gmail.com
Vijay,22,vijays@gmail.com
Aram,22,rams@gmail.com
Bajay,22,Ajays@gmail.com
Ajay,22,Ajays@gmail.com
Ram,22,rams@gmail.com
Vijay,22,vijays@gmail.com
Aram,22,rams@gmail.com
Bajay,22,Ajays@gmail.com
Cram,22,rams@gmail.com
Djay,22,Ajays@gmail.com
Dram,22,rams@gmail.com
Ajay,22,Ajays@gmail.com
Ram,22,rams@gmail.com
Vijay,22,vijays@gmail.com
Aram,22,rams@gmail.com
Bajay,22,Ajays@gmail.com
Cram,22,rams@gmail.com
Djay,22,Ajays@gmail.com
Dram,22,rams@gmail.com
Ajay,22,Ajays@gmail.com
Ram,22,rams@gmail.com
Vijay,21,vijays@gmail.com
Aram,21,rams@gmail.com
Bajay,21,Ajays@gmail.com
Cram,21,rams@gmail.com
Djay,21,Ajays@gmail.com
Dram,21,rams@gmail.com
Ajay,21,Ajays@gmail.com
Ram,21,rams@gmail.com
Vijay,21,vijays@gmail.com
Aram,21,rams@gmail.com
Bajay,21,Ajays@gmail.com
Ajay,21,Ajays@gmail.com
Ram,21,rams@gmail.com
Vijay,21,vijays@gmail.com
Aram,21,rams@gmail.com
Bajay,21,Ajays@gmail.com
Cram,21,rams@gmail.com
Djay,21,Ajays@gmail.com
Dram,21,rams@gmail.com
Ajay,21,Ajays@gmail.com
Ram,21,rams@gmail.com
Vijay,21,vijays@gmail.com
Aram,21,rams@gmail.com
Ajay,21,Ajays@gmail.com
Ram,21,rams@gmail.com
Vijay,21,vijays@gmail.com
Aram,21,rams@gmail.com
Bajay,21,Ajays@gmail.com
Cram,21,rams@gmail.com
Djay,21,Ajays@gmail.com
Dram,21,rams@gmail.com
Ajay,21,Ajays@gmail.com
Ram,21,rams@gmail.com
Vijay,21,vijays@gmail.com
Aram,21,rams@gmail.com
Bajay,21,Ajays@gmail.com
Cram,21,rams@gmail.com
Djay,21,Ajays@gmail.com
Dram,21,rams@gmail.com
Ajay,21,Ajays@gmail.com
Ram,21,rams@gmail.com
Vijay,21,vijays@gmail.com
Aram,20,rams@gmail.com
Bajay,20,Ajays@gmail.com
Cram,20,rams@gmail.com
Djay,20,Ajays@gmail.com
Dram,20,rams@gmail.com
Ajay,20,Ajays@gmail.com
Ram,20,rams@gmail.com
Vijay,20,vijays@gmail.com
Aram,20,rams@gmail.com
Bajay,20,Ajays@gmail.com
Ajay,20,Ajays@gmail.com
Ram,20,rams@gmail.com
Vijay,20,vijays@gmail.com
Aram,20,rams@gmail.com
Bajay,20,Ajays@gmail.com
Cram,20,rams@gmail.com
Djay,20,Ajays@gmail.com
Dram,20,rams@gmail.com
Ajay,20,Ajays@gmail.com
Ram,20,rams@gmail.com
Vijay,20,vijays@gmail.com
Aram,20,rams@gmail.com
Bajay,20,Ajays@gmail.com
Cram,20,rams@gmail.com
Djay,20,Ajays@gmail.com
Dram,20,rams@gmail.com
Ajay,20,Ajays@gmail.com
Ram,20,rams@gmail.com
Vijay,20,vijays@gmail.com
Aram,20,rams@gmail.com
Bajay,20,Ajays@gmail.com
Cram,20,rams@gmail.com
Djay,20,Ajays@gmail.com
Dram,20,rams@gmail.com
Ajay,20,Ajays@gmail.com
Ram,20,rams@gmail.com
Vijay,20,vijays@gmail.com
Aram,20,rams@gmail.com
Bajay,20,Ajays@gmail.com
Ajay,20,Ajays@gmail.com
Ram,20,rams@gmail.com
Vijay,20,vijays@gmail.com
Aram,20,rams@gmail.com
Bajay,19,Ajays@gmail.com
Cram,19,rams@gmail.com
Djay,19,Ajays@gmail.com
Dram,19,rams@gmail.com
Ajay,19,Ajays@gmail.com
Ram,19,rams@gmail.com
Vijay,19,vijays@gmail.com
Aram,19,rams@gmail.com
Ajay,19,Ajays@gmail.com
Ram,19,rams@gmail.com
Vijay,19,vijays@gmail.com
Aram,19,rams@gmail.com
Bajay,19,Ajays@gmail.com
Cram,19,rams@gmail.com
Djay,19,Ajays@gmail.com
Dram,19,rams@gmail.com
Ajay,19,Ajays@gmail.com
Ram,19,rams@gmail.com
Vijay,19,vijays@gmail.com
Aram,19,rams@gmail.com
Bajay,19,Ajays@gmail.com
Cram,19,rams@gmail.com
Djay,19,Ajays@gmail.com
Dram,19,rams@gmail.com
Ajay,19,Ajays@gmail.com
Ram,19,rams@gmail.com
Vijay,19,vijays@gmail.com
Aram,19,rams@gmail.com
Bajay,19,Ajays@gmail.com
Cram,19,rams@gmail.com
Djay,19,Ajays@gmail.com
Dram,19,rams@gmail.com
Ajay,19,Ajays@gmail.com
Ram,19,rams@gmail.com
Vijay,19,vijays@gmail.com
Aram,19,rams@gmail.com
Bajay,19,Ajays@gmail.com
Ajay,19,Ajays@gmail.com
Ram,19,rams@gmail.com
Vijay,19,vijays@gmail.com
Aram,19,rams@gmail.com
Bajay,19,Ajays@gmail.com
Cram,18,rams@gmail.com
Djay,18,Ajays@gmail.com
Dram,18,rams@gmail.com
Ajay,18,Ajays@gmail.com
Ram,18,rams@gmail.com
Vijay,18,vijays@gmail.com
Aram,18,rams@gmail.com
Bajay,18,Ajays@gmail.com
Cram,18,rams@gmail.com
Djay,18,Ajays@gmail.com
Dram,18,rams@gmail.com
Ajay,18,Ajays@gmail.com
Ram,18,rams@gmail.com
Vijay,18,vijays@gmail.com
Aram,18,rams@gmail.com
Bajay,18,Ajays@gmail.com
Cram,18,rams@gmail.com
Djay,18,Ajays@gmail.com
Dram,18,rams@gmail.com
Ajay,18,Ajays@gmail.com
Ram,18,rams@gmail.com
Vijay,18,vijays@gmail.com
Aram,18,rams@gmail.com
Bajay,18,Ajays@gmail.com
Ajay,18,Ajays@gmail.com
Ram,18,rams@gmail.com
Vijay,18,vijays@gmail.com
Aram,18,rams@gmail.com
Bajay,18,Ajays@gmail.com
Cram,18,rams@gmail.com
Djay,18,Ajays@gmail.com
Dram,18,rams@gmail.com
Ajay,18,Ajays@gmail.com
Ram,18,rams@gmail.com
Vijay,18,vijays@gmail.com
Aram,18,rams@gmail.com
Ajay,18,Ajays@gmail.com
Ram,18,rams@gmail.com
Vijay,18,vijays@gmail.com
Aram,18,rams@gmail.com
Bajay,18,Ajays@gmail.com
Cram,18,rams@gmail.com
Djay,18,Ajays@gmail.com
Dram,17,rams@gmail.com
Ajay,17,Ajays@gmail.com
Ram,17,rams@gmail.com
Vijay,17,vijays@gmail.com
Aram,17,rams@gmail.com
Bajay,17,Ajays@gmail.com
Cram,17,rams@gmail.com
Djay,17,Ajays@gmail.com
Dram,17,rams@gmail.com
Ajay,17,Ajays@gmail.com
Ram,17,rams@gmail.com
Vijay,17,vijays@gmail.com
Aram,17,rams@gmail.com
Bajay,17,Ajays@gmail.com
Cram,17,rams@gmail.com
Djay,17,Ajays@gmail.com
Dram,17,rams@gmail.com
Ajay,17,Ajays@gmail.com
Ram,17,rams@gmail.com
Vijay,17,vijays@gmail.com
Aram,17,rams@gmail.com
Bajay,17,Ajays@gmail.com
Ajay,17,Ajays@gmail.com
Ram,17,rams@gmail.com
Vijay,17,vijays@gmail.com
Aram,17,rams@gmail.com
Bajay,17,Ajays@gmail.com
Cram,17,rams@gmail.com
Djay,17,Ajays@gmail.com
Dram,17,rams@gmail.com
Ajay,17,Ajays@gmail.com
Ram,17,rams@gmail.com
Vijay,17,vijays@gmail.com
Aram,17,rams@gmail.com
Bajay,17,Ajays@gmail.com
Cram,17,rams@gmail.com
Djay,17,Ajays@gmail.com
Dram,17,rams@gmail.com
Ajay,17,Ajays@gmail.com
Ram,17,rams@gmail.com
Vijay,17,vijays@gmail.com
Aram,17,rams@gmail.com
Bajay,16,Ajays@gmail.com
Cram,16,rams@gmail.com
Djay,16,Ajays@gmail.com
Dram,16,rams@gmail.com
Ajay,16,Ajays@gmail.com
Ram,16,rams@gmail.com
Vijay,16,vijays@gmail.com
Aram,16,rams@gmail.com
Bajay,16,Ajays@gmail.com
Ajay,16,Ajays@gmail.com
Ram,16,rams@gmail.com
Vijay,16,vijays@gmail.com
Aram,16,rams@gmail.com
Bajay,16,Ajays@gmail.com
Cram,16,rams@gmail.com
Djay,16,Ajays@gmail.com
Dram,16,rams@gmail.com
Ajay,16,Ajays@gmail.com
Ram,16,rams@gmail.com
Vijay,16,vijays@gmail.com
Aram,16,rams@gmail.com
Ajay,16,Ajays@gmail.com
Ram,16,rams@gmail.com
Vijay,16,vijays@gmail.com
Aram,16,rams@gmail.com
Bajay,16,Ajays@gmail.com
Cram,16,rams@gmail.com
Djay,16,Ajays@gmail.com
Dram,16,rams@gmail.com
Ajay,16,Ajays@gmail.com
Ram,16,rams@gmail.com
Vijay,16,vijays@gmail.com
Aram,16,rams@gmail.com
Bajay,16,Ajays@gmail.com
Cram,16,rams@gmail.com
Djay,16,Ajays@gmail.com
Dram,16,rams@gmail.com
Ajay,16,Ajays@gmail.com
Ram,16,rams@gmail.com
Vijay,16,vijays@gmail.com
Aram,16,rams@gmail.com
Bajay,16,Ajays@gmail.com
Cram,16,rams@gmail.com
Djay,15,Ajays@gmail.com
Dram,15,rams@gmail.com
Ajay,15,Ajays@gmail.com
Ram,15,rams@gmail.com
Vijay,15,vijays@gmail.com
Aram,15,rams@gmail.com
Bajay,15,Ajays@gmail.com
Ajay,15,Ajays@gmail.com
Ram,15,rams@gmail.com
Vijay,15,vijays@gmail.com
Aram,15,rams@gmail.com
Bajay,15,Ajays@gmail.com
Cram,15,rams@gmail.com
Djay,15,Ajays@gmail.com
Dram,15,rams@gmail.com
Ajay,15,Ajays@gmail.com
Ram,15,rams@gmail.com
Vijay,15,vijays@gmail.com
Aram,15,rams@gmail.com
Bajay,15,Ajays@gmail.com
Cram,15,rams@gmail.com
Djay,15,Ajays@gmail.com
Dram,15,rams@gmail.com
Ajay,15,Ajays@gmail.com
Ram,15,rams@gmail.com
Vijay,15,vijays@gmail.com
Aram,15,rams@gmail.com
Bajay,15,Ajays@gmail.com
Cram,15,rams@gmail.com
Djay,15,Ajays@gmail.com
Dram,15,rams@gmail.com
Ajay,15,Ajays@gmail.com
Ram,15,rams@gmail.com
Vijay,15,vijays@gmail.com
Aram,15,rams@gmail.com
Bajay,15,Ajays@gmail.com
Ajay,15,Ajays@gmail.com
Ram,15,rams@gmail.com
Vijay,15,vijays@gmail.com
Aram,15,rams@gmail.com
Bajay,15,Ajays@gmail.com
Cram,15,rams@gmail.com
Djay,14,Ajays@gmail.com
Dram,14,rams@gmail.com
Ajay,14,Ajays@gmail.com
Ram,14,rams@gmail.com
Vijay,14,vijays@gmail.com
Aram,14,rams@gmail.com
Ajay,14,Ajays@gmail.com
Ram,14,rams@gmail.com
Vijay,14,vijays@gmail.com
Aram,14,rams@gmail.com
Bajay,14,Ajays@gmail.com
Cram,14,rams@gmail.com
Djay,14,Ajays@gmail.com
Dram,14,rams@gmail.com
Ajay,14,Ajays@gmail.com
Ram,14,rams@gmail.com
Vijay,14,vijays@gmail.com
Aram,14,rams@gmail.com
Bajay,14,Ajays@gmail.com
Cram,14,rams@gmail.com
Djay,14,Ajays@gmail.com
Dram,14,rams@gmail.com
Ajay,14,Ajays@gmail.com
Ram,14,rams@gmail.com
Vijay,14,vijays@gmail.com
Aram,14,rams@gmail.com
Bajay,14,Ajays@gmail.com
Cram,14,rams@gmail.com
Djay,14,Ajays@gmail.com
Dram,14,rams@gmail.com
Ajay,14,Ajays@gmail.com
Ram,14,rams@gmail.com
Vijay,14,vijays@gmail.com
Aram,14,rams@gmail.com
Bajay,14,Ajays@gmail.com
Ajay,14,Ajays@gmail.com
Ram,14,rams@gmail.com
Vijay,14,vijays@gmail.com
Aram,14,rams@gmail.com
Bajay,14,Ajays@gmail.com
Cram,14,rams@gmail.com
Djay,14,Ajays@gmail.com
Dram,14,rams@gmail.com
Ajay,13,Ajays@gmail.com
Ram,13,rams@gmail.com
Vijay,13,vijays@gmail.com
Aram,13,rams@gmail.com
Bajay,13,Ajays@gmail.com
Cram,13,rams@gmail.com
Djay,13,Ajays@gmail.com
Dram,13,rams@gmail.com
Ajay,13,Ajays@gmail.com
Ram,13,rams@gmail.com
Vijay,13,vijays@gmail.com
Aram,13,rams@gmail.com
Bajay,13,Ajays@gmail.com
Cram,13,rams@gmail.com
Djay,13,Ajays@gmail.com
Dram,13,rams@gmail.com
Ajay,13,Ajays@gmail.com
Ram,13,rams@gmail.com
Vijay,13,vijays@gmail.com
Aram,13,rams@gmail.com
Bajay,13,Ajays@gmail.com
Ajay,13,Ajays@gmail.com
Ram,13,rams@gmail.com
Vijay,13,vijays@gmail.com
Aram,13,rams@gmail.com
Bajay,13,Ajays@gmail.com
Cram,13,rams@gmail.com
Djay,13,Ajays@gmail.com
Dram,13,rams@gmail.com
Ajay,13,Ajays@gmail.com
Ram,13,rams@gmail.com
Vijay,13,vijays@gmail.com
Aram,13,rams@gmail.com
Ajay,13,Ajays@gmail.com
Ram,13,rams@gmail.com
Vijay,13,vijays@gmail.com
Aram,13,rams@gmail.com
Bajay,13,Ajays@gmail.com
Cram,13,rams@gmail.com
Djay,13,Ajays@gmail.com
Dram,13,rams@gmail.com
Ajay,13,Ajays@gmail.com
Ram,12,rams@gmail.com
Vijay,12,vijays@gmail.com
Aram,12,rams@gmail.com
Bajay,12,Ajays@gmail.com
Cram,12,rams@gmail.com
Djay,12,Ajays@gmail.com
Dram,12,rams@gmail.com
Ajay,12,Ajays@gmail.com
Ram,12,rams@gmail.com
Vijay,12,vijays@gmail.com
Aram,12,rams@gmail.com
Bajay,12,Ajays@gmail.com
Cram,12,rams@gmail.com
Djay,12,Ajays@gmail.com
Dram,12,rams@gmail.com
Ajay,12,Ajays@gmail.com
Ram,12,rams@gmail.com
Vijay,12,vijays@gmail.com
Aram,12,rams@gmail.com
Bajay,12,Ajays@gmail.com
Ajay,12,Ajays@gmail.com
Ram,12,rams@gmail.com
Vijay,12,vijays@gmail.com
Aram,12,rams@gmail.com
Bajay,12,Ajays@gmail.com
Cram,12,rams@gmail.com
Djay,12,Ajays@gmail.com
Dram,12,rams@gmail.com
Ajay,12,Ajays@gmail.com
Ram,12,rams@gmail.com
Vijay,12,vijays@gmail.com
Aram,12,rams@gmail.com
Bajay,12,Ajays@gmail.com
Cram,12,rams@gmail.com
Djay,12,Ajays@gmail.com
Dram,12,rams@gmail.com
Ajay,12,Ajays@gmail.com
Ram,12,rams@gmail.com
Vijay,12,vijays@gmail.com
Aram,12,rams@gmail.com
Bajay,12,Ajays@gmail.com
Cram,12,rams@gmail.com
Djay,12,Ajays@gmail.com
Dram,11,rams@gmail.com
Ajay,11,Ajays@gmail.com
Ram,11,rams@gmail.com
Vijay,11,vijays@gmail.com
Aram,11,rams@gmail.com
Bajay,11,Ajays@gmail.com
Ajay,11,Ajays@gmail.com
Ram,11,rams@gmail.com
Vijay,11,vijays@gmail.com
Aram,11,rams@gmail.com
Bajay,11,Ajays@gmail.com
Cram,11,rams@gmail.com
Djay,11,Ajays@gmail.com
Dram,11,rams@gmail.com
Ajay,11,Ajays@gmail.com
Ram,11,rams@gmail.com
Vijay,11,vijays@gmail.com
Aram,11,rams@gmail.com
Ajay,11,Ajays@gmail.com
Ram,11,rams@gmail.com
Vijay,11,vijays@gmail.com
Aram,11,rams@gmail.com
Bajay,11,Ajays@gmail.com
Cram,11,rams@gmail.com
Djay,11,Ajays@gmail.com
Dram,11,rams@gmail.com
Ajay,11,Ajays@gmail.com
Ram,11,rams@gmail.com
Vijay,11,vijays@gmail.com
Aram,11,rams@gmail.com
Bajay,11,Ajays@gmail.com
Cram,11,rams@gmail.com
Djay,11,Ajays@gmail.com
Dram,11,rams@gmail.com
Ajay,11,Ajays@gmail.com
Ram,11,rams@gmail.com
Vijay,11,vijays@gmail.com
Aram,11,rams@gmail.com
Bajay,11,Ajays@gmail.com
Cram,11,rams@gmail.com
Djay,11,Ajays@gmail.com
Dram,11,rams@gmail.com
Ajay,10,Ajays@gmail.com
Ram,10,rams@gmail.com
Vijay,10,vijays@gmail.com
Aram,10,rams@gmail.com
Bajay,10,Ajays@gmail.com
Ajay,10,Ajays@gmail.com
Ram,10,rams@gmail.com
Vijay,10,vijays@gmail.com
Aram,10,rams@gmail.com
Bajay,10,Ajays@gmail.com
Cram,10,rams@gmail.com
Djay,10,Ajays@gmail.com
Dram,10,rams@gmail.com
Ajay,10,Ajays@gmail.com
Ram,10,rams@gmail.com
Vijay,10,vijays@gmail.com
Aram,10,rams@gmail.com
Bajay,10,Ajays@gmail.com
Cram,10,rams@gmail.com
Djay,10,Ajays@gmail.com
Dram,10,rams@gmail.com
Ajay,10,Ajays@gmail.com
Ram,10,rams@gmail.com
Vijay,10,vijays@gmail.com
Aram,10,rams@gmail.com
Bajay,10,Ajays@gmail.com
Cram,10,rams@gmail.com
Djay,10,Ajays@gmail.com
Dram,10,rams@gmail.com
Ajay,10,Ajays@gmail.com
Ram,10,rams@gmail.com
Vijay,10,vijays@gmail.com
Aram,10,rams@gmail.com
Bajay,10,Ajays@gmail.com
Ajay,10,Ajays@gmail.com
Ram,10,rams@gmail.com
Vijay,10,vijays@gmail.com
Aram,10,rams@gmail.com
Bajay,10,Ajays@gmail.com
Cram,10,rams@gmail.com
Djay,10,Ajays@gmail.com
Dram,10,rams@gmail.com
Ajay,10,Ajays@gmail.com
Ram,9,rams@gmail.com
Vijay,9,vijays@gmail.com
Aram,9,rams@gmail.com
Ajay,9,Ajays@gmail.com
Ram,9,rams@gmail.com
Vijay,9,vijays@gmail.com
Aram,9,rams@gmail.com
Bajay,9,Ajays@gmail.com
Cram,9,rams@gmail.com
Djay,9,Ajays@gmail.com
Dram,9,rams@gmail.com
Ajay,9,Ajays@gmail.com
Ram,9,rams@gmail.com
Vijay,9,vijays@gmail.com
Aram,9,rams@gmail.com
Bajay,9,Ajays@gmail.com
Cram,9,rams@gmail.com
Djay,9,Ajays@gmail.com
Dram,9,rams@gmail.com
Ajay,9,Ajays@gmail.com
Ram,9,rams@gmail.com
Vijay,9,vijays@gmail.com
Aram,9,rams@gmail.com
Bajay,9,Ajays@gmail.com
Cram,9,rams@gmail.com
Djay,9,Ajays@gmail.com
Dram,9,rams@gmail.com
Ajay,9,Ajays@gmail.com
Ram,9,rams@gmail.com
Vijay,9,vijays@gmail.com
Aram,9,rams@gmail.com
Bajay,9,Ajays@gmail.com
Ajay,9,Ajays@gmail.com
Ram,9,rams@gmail.com
Vijay,9,vijays@gmail.com
Aram,9,rams@gmail.com
Bajay,9,Ajays@gmail.com
Cram,9,rams@gmail.com
Djay,9,Ajays@gmail.com
Dram,9,rams@gmail.com
Ajay,9,Ajays@gmail.com
Ram,9,rams@gmail.com
Vijay,8,vijays@gmail.com
Aram,8,rams@gmail.com
Bajay,8,Ajays@gmail.com
Cram,8,rams@gmail.com
Djay,8,Ajays@gmail.com
Dram,8,rams@gmail.com
Ajay,8,Ajays@gmail.com
Ram,8,rams@gmail.com
Vijay,8,vijays@gmail.com
Aram,8,rams@gmail.com
Bajay,8,Ajays@gmail.com
Cram,8,rams@gmail.com
Djay,8,Ajays@gmail.com
Dram,8,rams@gmail.com
Ajay,8,Ajays@gmail.com
Ram,8,rams@gmail.com
Vijay,8,vijays@gmail.com
Aram,8,rams@gmail.com
Bajay,8,Ajays@gmail.com
Ajay,8,Ajays@gmail.com
Ram,8,rams@gmail.com
Vijay,8,vijays@gmail.com
Aram,8,rams@gmail.com
Bajay,8,Ajays@gmail.com
Cram,8,rams@gmail.com
Djay,8,Ajays@gmail.com
Dram,8,rams@gmail.com
Ajay,8,Ajays@gmail.com
Ram,8,rams@gmail.com
Vijay,8,vijays@gmail.com
Aram,8,rams@gmail.com
Ajay,8,Ajays@gmail.com
Ram,8,rams@gmail.com
Vijay,8,vijays@gmail.com
Aram,8,rams@gmail.com
Bajay,8,Ajays@gmail.com
Cram,8,rams@gmail.com
Djay,8,Ajays@gmail.com
Dram,8,rams@gmail.com
Ajay,8,Ajays@gmail.com
Ram,8,rams@gmail.com
Vijay,8,vijays@gmail.com
Aram,8,rams@gmail.com
Bajay,7,Ajays@gmail.com
Cram,7,rams@gmail.com
Djay,7,Ajays@gmail.com
Dram,7,rams@gmail.com
Ajay,7,Ajays@gmail.com
Ram,7,rams@gmail.com
Vijay,7,vijays@gmail.com
Aram,7,rams@gmail.com
Bajay,7,Ajays@gmail.com
Cram,7,rams@gmail.com
Djay,7,Ajays@gmail.com
Dram,7,rams@gmail.com
Ajay,7,Ajays@gmail.com
Ram,7,rams@gmail.com
Vijay,7,vijays@gmail.com
Aram,7,rams@gmail.com
Bajay,7,Ajays@gmail.com
Ajay,7,Ajays@gmail.com
Ram,7,rams@gmail.com
Vijay,7,vijays@gmail.com
Aram,7,rams@gmail.com
Bajay,7,Ajays@gmail.com
Cram,7,rams@gmail.com
Djay,7,Ajays@gmail.com
Dram,7,rams@gmail.com
Ajay,7,Ajays@gmail.com
Ram,7,rams@gmail.com
Vijay,7,vijays@gmail.com
Aram,7,rams@gmail.com
Bajay,7,Ajays@gmail.com
Cram,7,rams@gmail.com
Djay,7,Ajays@gmail.com
Dram,7,rams@gmail.com
Ajay,7,Ajays@gmail.com
Ram,7,rams@gmail.com
Vijay,7,vijays@gmail.com
Aram,7,rams@gmail.com
Bajay,7,Ajays@gmail.com
Cram,7,rams@gmail.com
Djay,7,Ajays@gmail.com
Dram,7,rams@gmail.com
Ajay,7,Ajays@gmail.com
Ram,6,rams@gmail.com
Vijay,6,vijays@gmail.com
Aram,6,rams@gmail.com
Bajay,6,Ajays@gmail.com
Ajay,6,Ajays@gmail.com
Ram,6,rams@gmail.com
Vijay,6,vijays@gmail.com
Aram,6,rams@gmail.com
Bajay,6,Ajays@gmail.com
Cram,6,rams@gmail.com
Djay,6,Ajays@gmail.com
Dram,6,rams@gmail.com
Ajay,6,Ajays@gmail.com
Ram,6,rams@gmail.com
Vijay,6,vijays@gmail.com
Aram,6,rams@gmail.com
Ajay,6,Ajays@gmail.com
Ram,6,rams@gmail.com
Vijay,6,vijays@gmail.com
Aram,6,rams@gmail.com
Bajay,6,Ajays@gmail.com
Cram,6,rams@gmail.com
Djay,6,Ajays@gmail.com
Dram,6,rams@gmail.com
Ajay,6,Ajays@gmail.com
Ram,6,rams@gmail.com
Vijay,6,vijays@gmail.com
Aram,6,rams@gmail.com
Bajay,6,Ajays@gmail.com
Cram,6,rams@gmail.com
Djay,6,Ajays@gmail.com
Dram,6,rams@gmail.com
Ajay,6,Ajays@gmail.com
Ram,6,rams@gmail.com
Vijay,6,vijays@gmail.com
Aram,6,rams@gmail.com
